<?xml version="1.0" encoding="UTF-8"?>
<!-- Generated by eXe - http://exelearning.net -->
<manifest identifier="eXee_de_un_SI647ee5e6278dd078d41" xmlns="http://www.imsproject.org/xsd/imscp_rootv1p1p2" xmlns:adlcp="http://www.adlnet.org/xsd/adlcp_rootv1p2" xmlns:imsmd="http://www.imsglobal.org/xsd/imsmd_v1p2" xmlns:xsi="http://www.w3.org/2001/XMLSchema-instance" xsi:schemaLocation="http://www.imsproject.org/xsd/imscp_rootv1p1p2 imscp_rootv1p1p2.xsd http://www.imsglobal.org/xsd/imsmd_rootv1p2p1 imsmd_rootv1p2p1.xsd http://www.adlnet.org/xsd/adlcp_rootv1p2 adlcp_rootv1p2.xsd" > 
<metadata> 
 <schema>ADL SCORM</schema> 
 <schemaversion>1.2</schemaversion> 
 <adlcp:location>imslrm.xml</adlcp:location> 
</metadata> 
<organizations default="eXee_de_un_SI647ee5e6278dd078d42">  
    <organization identifier="eXee_de_un_SI647ee5e6278dd078d42" structure="hierarchical">
        <title>Software de un Sistema Informático</title>
<item identifier="ITEM-eXee_de_un_SI647ee5e6278dd078d43" isvisible="true" identifierref="RES-eXee_de_un_SI647ee5e6278dd078d44">
    <title>Software de un Sistema Informático</title>
<item identifier="ITEM-eXee_de_un_SI647ee5e6278dd078d45" isvisible="true" identifierref="RES-eXee_de_un_SI647ee5e6278dd078d46">
    <title>Requisitos e instalación: Determinación del equipo necesario.</title>
<item identifier="ITEM-eXee_de_un_SI647ee5e6278dd078d57" isvisible="true" identifierref="RES-eXee_de_un_SI647ee5e6278dd078d58">
    <title>Ejecución del programa de instalación</title>
</item>
</item>
<item identifier="ITEM-eXee_de_un_SI647ee5e6278dd078d59" isvisible="true" identifierref="RES-eXee_de_un_SI647ee5e6278dd078d5a">
    <title>Tipos de Aplicaciones Informáticas</title>
</item>
<item identifier="ITEM-eXee_de_un_SI647ee5e6278dd078d6b" isvisible="true" identifierref="RES-eXee_de_un_SI647ee5e6278dd078d6c">
    <title>Software según licencias</title>
<item identifier="ITEM-eXee_de_un_SI647ee5e6278dd078d6d" isvisible="true" identifierref="RES-eXee_de_un_SI647ee5e6278dd078d6e">
    <title>Software propietario</title>
</item>
<item identifier="ITEM-eXee_de_un_SI647ee5e6278dd078d7f" isvisible="true" identifierref="RES-eXee_de_un_SI647ee5e6278dd078d710">
    <title>Software Libre</title>
</item>
<item identifier="ITEM-eXee_de_un_SI647ee5e6278dd078d711" isvisible="true" identifierref="RES-eXee_de_un_SI647ee5e6278dd078d712">
    <title>Software de dominio público</title>
</item>
<item identifier="ITEM-eXee_de_un_SI647ee5e6278dd078d713" isvisible="true" identifierref="RES-eXee_de_un_SI647ee5e6278dd078d714">
    <title>Software con copyleft</title>
</item>
<item identifier="ITEM-eXee_de_un_SI647ee5e6278dd078d715" isvisible="true" identifierref="RES-eXee_de_un_SI647ee5e6278dd078d716">
    <title>Otros tipos de software</title>
</item>
</item>
<item identifier="ITEM-eXee_de_un_SI647ee5e6278dd078d817" isvisible="true" identifierref="RES-eXee_de_un_SI647ee5e6278dd078d818">
    <title>Licencias Creative Commons</title>
</item>
<item identifier="ITEM-eXee_de_un_SI647ee5e6278dd078d819" isvisible="true" identifierref="RES-eXee_de_un_SI647ee5e6278dd078d81a">
    <title>Licencias  por número</title>
</item>
<item identifier="ITEM-eXee_de_un_SI647ee5e6278dd078d81b" isvisible="true" identifierref="RES-eXee_de_un_SI647ee5e6278dd078d81c">
    <title>Tema</title>
</item>
</item>
  </organization>
</organizations>
<resources>
  <resource identifier="RES-eXee_de_un_SI647ee5e6278dd078d44" type="webcontent" adlcp:scormtype="sco" href="index.html"> 
    <file href="index.html"/> 
    <file href="exe_html5.js"/>
    <file href="common.js"/>
    <dependency identifierref="COMMON_FILES"/>
  </resource>
  <resource identifier="RES-eXee_de_un_SI647ee5e6278dd078d46" type="webcontent" adlcp:scormtype="sco" href="requisitos_e_instalacin_determinacin_del_equipo_necesario.html"> 
    <file href="requisitos_e_instalacin_determinacin_del_equipo_necesario.html"/> 
    <file href="exe_html5.js"/>
    <file href="requisitos_minimos_recomendados.png"/>
    <file href="common.js"/>
    <dependency identifierref="COMMON_FILES"/>
  </resource>
  <resource identifier="RES-eXee_de_un_SI647ee5e6278dd078d58" type="webcontent" adlcp:scormtype="sco" href="ejecucin_del_programa_de_instalacin.html"> 
    <file href="ejecucin_del_programa_de_instalacin.html"/> 
    <file href="exe_html5.js"/>
    <dependency identifierref="COMMON_FILES"/>
  </resource>
  <resource identifier="RES-eXee_de_un_SI647ee5e6278dd078d5a" type="webcontent" adlcp:scormtype="sco" href="tipos_de_aplicaciones_informticas.html"> 
    <file href="tipos_de_aplicaciones_informticas.html"/> 
    <file href="exe_html5.js"/>
    <dependency identifierref="COMMON_FILES"/>
  </resource>
  <resource identifier="RES-eXee_de_un_SI647ee5e6278dd078d6c" type="webcontent" adlcp:scormtype="sco" href="software_segn_licencias.html"> 
    <file href="software_segn_licencias.html"/> 
    <file href="exe_html5.js"/>
    <dependency identifierref="COMMON_FILES"/>
  </resource>
  <resource identifier="RES-eXee_de_un_SI647ee5e6278dd078d6e" type="webcontent" adlcp:scormtype="sco" href="software_propietario.html"> 
    <file href="software_propietario.html"/> 
    <file href="exe_html5.js"/>
    <dependency identifierref="COMMON_FILES"/>
  </resource>
  <resource identifier="RES-eXee_de_un_SI647ee5e6278dd078d710" type="webcontent" adlcp:scormtype="sco" href="software_libre.html"> 
    <file href="software_libre.html"/> 
    <file href="exe_html5.js"/>
    <dependency identifierref="COMMON_FILES"/>
  </resource>
  <resource identifier="RES-eXee_de_un_SI647ee5e6278dd078d712" type="webcontent" adlcp:scormtype="sco" href="software_de_dominio_pblico.html"> 
    <file href="software_de_dominio_pblico.html"/> 
    <file href="exe_html5.js"/>
    <dependency identifierref="COMMON_FILES"/>
  </resource>
  <resource identifier="RES-eXee_de_un_SI647ee5e6278dd078d714" type="webcontent" adlcp:scormtype="sco" href="software_con_copyleft.html"> 
    <file href="software_con_copyleft.html"/> 
    <file href="exe_html5.js"/>
    <dependency identifierref="COMMON_FILES"/>
  </resource>
  <resource identifier="RES-eXee_de_un_SI647ee5e6278dd078d716" type="webcontent" adlcp:scormtype="sco" href="otros_tipos_de_software.html"> 
    <file href="otros_tipos_de_software.html"/> 
    <file href="exe_html5.js"/>
    <dependency identifierref="COMMON_FILES"/>
  </resource>
  <resource identifier="RES-eXee_de_un_SI647ee5e6278dd078d818" type="webcontent" adlcp:scormtype="sco" href="licencias_creative_commons.html"> 
    <file href="licencias_creative_commons.html"/> 
    <file href="exe_html5.js"/>
    <file href="licencias_cc.png"/>
    <file href="common.js"/>
    <dependency identifierref="COMMON_FILES"/>
  </resource>
  <resource identifier="RES-eXee_de_un_SI647ee5e6278dd078d81a" type="webcontent" adlcp:scormtype="sco" href="licencias__por_nmero.html"> 
    <file href="licencias__por_nmero.html"/> 
    <file href="exe_html5.js"/>
    <dependency identifierref="COMMON_FILES"/>
  </resource>
  <resource identifier="RES-eXee_de_un_SI647ee5e6278dd078d81c" type="webcontent" adlcp:scormtype="sco" href="tema.html"> 
    <file href="tema.html"/> 
    <file href="exe_html5.js"/>
    <dependency identifierref="COMMON_FILES"/>
  </resource>
  <resource identifier="COMMON_FILES" type="webcontent" adlcp:scormtype="asset">
    <file href="config.xml"/>
    <file href="content.css"/>
    <file href="EncodeSans-Light_latin-ext.woff2"/>
    <file href="EncodeSans-Light_latin.woff2"/>
    <file href="EncodeSans-Light_vietnamese.woff2"/>
    <file href="icon_atom.png"/>
    <file href="icon_award.png"/>
    <file href="icon_beach.png"/>
    <file href="icon_bulb.png"/>
    <file href="icon_camera.png"/>
    <file href="icon_classroom.png"/>
    <file href="icon_compass.png"/>
    <file href="icon_edia.png"/>
    <file href="icon_etwinning.png"/>
    <file href="icon_exe.png"/>
    <file href="icon_footprints.png"/>
    <file href="icon_free_license.png"/>
    <file href="icon_gears.png"/>
    <file href="icon_knowledge.png"/>
    <file href="icon_list.png"/>
    <file href="icon_microphone.png"/>
    <file href="icon_network.png"/>
    <file href="icon_plus.png"/>
    <file href="icon_presentation.png"/>
    <file href="icon_puzzle.png"/>
    <file href="icon_share.png"/>
    <file href="icon_stars.png"/>
    <file href="icon_talk.png"/>
    <file href="icon_teacher_screen.png"/>
    <file href="icon_telescope.png"/>
    <file href="icon_think.png"/>
    <file href="icon_tree.png"/>
    <file href="icon_write.png"/>
    <file href="nav.css"/>
    <file href="_intef_bg.png"/>
    <file href="_intef_footer.png"/>
    <file href="_intef_header.png"/>
    <file href="_intef_icons.png"/>
    <file href="_intef_js.js"/>
    <file href="_intef_left_column.gif"/>
    <file href="_intef_licenses.gif"/>
    <file href="_intef_menu.gif"/>
    <file href="_intef_print.png"/>
    <file href="_intef_title_bg.png"/>
    <file href="base.css"/>
    <file href="popup_bg.gif"/>
    <file href="exe_powered_logo.png"/>
    <file href="SCORM_API_wrapper.js"/>
    <file href="SCOFunctions.js"/>
    <file href="common.js"/>
    <file href="common_i18n.js"/>
    <file href="exe_jquery.js"/>
    <file href="content.xsd"/>
    <file href="content.data"/>
    <file href="contentv3.xml"/>
    <file href="imslrm.xml"/>
  </resource>
</resources>
</manifest>
